age_months,movers,parc,monthly_hazard,yearly_view
1,11100,385006,0.028831,0.01776
2,8725,386096,0.022598,0.01776
3,6947,382506,0.018162,0.01776
4,6306,382855,0.016471,0.01776
5,6446,384965,0.016744,0.01776
6,6237,386034,0.016157,0.017557
7,6012,392272,0.015326,0.01715
8,5645,397716,0.014194,0.016742
9,6005,386350,0.015543,0.016335
10,6064,385604,0.015726,0.015928
11,6038,383026,0.015764,0.01552
12,6020,381510,0.015779,0.015113
13,5902,382093,0.015447,0.014706
14,5803,379675,0.015284,0.014299
15,5708,379523,0.01504,0.013891
16,5143,376983,0.013643,0.013484
17,4768,377441,0.012632,0.013077
18,4628,381974,0.012116,0.012835
19,4238,383210,0.011059,0.012757
20,4197,384664,0.010911,0.01268
21,4001,374007,0.010698,0.012602
22,3993,367580,0.010863,0.012525
23,3944,363617,0.010847,0.012448
24,4125,361929,0.011397,0.01237
25,4310,362133,0.011902,0.012293
26,4406,362435,0.012157,0.012216
27,4437,367298,0.01208,0.012138
28,4487,371640,0.012074,0.012061
29,4505,371610,0.012123,0.011983
30,4493,371359,0.012099,0.012056
31,4312,368834,0.011691,0.012278
32,4184,366163,0.011427,0.0125
33,4323,369917,0.011686,0.012722
34,4565,368546,0.012387,0.012945
35,4534,368523,0.012303,0.013167
36,4840,364112,0.013293,0.013389
37,5175,359348,0.014401,0.013611
38,5454,353166,0.015443,0.013833
39,5128,341342,0.015023,0.014056
40,4762,331530,0.014364,0.014278
41,4695,324459,0.01447,0.0145
42,4598,311935,0.01474,0.01488
43,4475,306726,0.01459,0.015419
44,4320,304039,0.014209,0.015958
45,4465,306290,0.014578,0.016497
46,4434,304643,0.014555,0.017035
47,4730,298791,0.01583,0.017574
48,6373,296504,0.021494,0.018113
49,7705,293651,0.026239,0.018652
50,7953,296736,0.026802,0.01919
51,7398,298477,0.024786,0.019729
52,6870,299311,0.022953,0.020268
53,6142,300449,0.020443,0.020807
54,5834,299172,0.0195,0.021278
55,5579,297583,0.018748,0.021681
56,5275,299970,0.017585,0.022083
57,5218,299438,0.017426,0.022486
58,5355,302588,0.017697,0.022889
59,5989,307446,0.01948,0.023292
60,10089,309905,0.032555,0.023695
61,12035,312852,0.038469,0.024098
62,12528,319215,0.039246,0.024501
63,11151,310906,0.035866,0.024904
64,9253,300407,0.030802,0.025307
65,7616,290821,0.026188,0.02571
66,6450,292496,0.022052,0.025423
67,5905,298220,0.019801,0.024445
68,5271,305141,0.017274,0.023468
69,5051,303558,0.016639,0.022491
70,4810,307468,0.015644,0.021513
71,4677,308990,0.015136,0.020536
72,5200,314410,0.016539,0.019558
73,5415,320368,0.016902,0.018581
74,5101,318301,0.016026,0.017603
75,5147,330937,0.015553,0.016626
76,4927,349476,0.014098,0.015649
77,4983,364755,0.013661,0.014671
78,5002,373671,0.013386,0.014129
79,5024,373094,0.013466,0.014023
80,4764,374911,0.012707,0.013917
81,4721,359839,0.01312,0.013811
82,4501,356047,0.012642,0.013705
83,4607,351923,0.013091,0.013599
84,4728,345470,0.013686,0.013493
85,4877,351190,0.013887,0.013387
86,4900,352996,0.013881,0.013281
87,4593,358225,0.012822,0.013175
88,4820,358248,0.013454,0.013069
89,4683,359335,0.013032,0.012963
90,4624,361319,0.012798,0.012904
91,4554,364717,0.012486,0.012892
92,4340,372756,0.011643,0.01288
93,4566,372432,0.01226,0.012868
94,4736,375020,0.012629,0.012856
95,4754,379401,0.01253,0.012844
96,5312,384150,0.013828,0.012832
97,5073,372930,0.013603,0.01282
98,4971,368525,0.013489,0.012808
99,4720,361969,0.01304,0.012796
100,4609,359721,0.012813,0.012784
101,4427,354546,0.012486,0.012772
102,4261,348937,0.012211,0.012764
103,4240,346077,0.012252,0.01276
104,4008,340312,0.011777,0.012756
105,4340,350601,0.012379,0.012753
106,4332,344589,0.012571,0.012749
107,4233,338998,0.012487,0.012745
108,4363,336627,0.012961,0.012742
109,4392,334965,0.013112,0.012738
110,4240,333716,0.012705,0.012735
111,4162,331582,0.012552,0.012731
112,4080,325738,0.012525,0.012727
113,4153,324330,0.012805,0.012724
114,4065,318081,0.01278,0.012753
115,4006,314725,0.012729,0.012814
116,3737,306122,0.012208,0.012876
117,3967,315939,0.012556,0.012938
118,3963,317436,0.012484,0.013
119,4240,321342,0.013195,0.013062
120,4316,320574,0.013463,0.013123
