age,decile,n,median_km,ratio,rate,event
3,1,21059,12456.322265625,0.3200066089630127,0.06700223182487297,fleet_exit
3,2,21058,20474.07421875,0.5259850025177002,0.06714787729129072,fleet_exit
3,3,21060,26203.33984375,0.6731715798377991,0.07018043684710351,fleet_exit
3,4,21065,31311.396484375,0.8043990731239319,0.07239496795632566,fleet_exit
3,5,21059,36335.76953125,0.9334766864776611,0.07607198822356237,fleet_exit
3,6,21061,41648.21484375,1.0699549913406372,0.07791652818004843,fleet_exit
3,7,21059,47820.046875,1.2285112142562866,0.07953843962201435,fleet_exit
3,8,21060,55924.703125,1.4367221593856812,0.08646723646723646,fleet_exit
3,9,21065,68012.484375,1.7472609281539917,0.1005459292665559,fleet_exit
3,10,21061,96633.0625,2.482532024383545,0.11053606191538863,fleet_exit
4,1,14882,14521.111328125,0.3248721659183502,0.04918693723961833,fleet_exit
4,2,14880,23898.7578125,0.5346726775169373,0.047311827956989246,fleet_exit
4,3,14878,30411.7734375,0.6803845167160034,0.04819196128511897,fleet_exit
4,4,14885,36192.5390625,0.809714138507843,0.04857238831037958,fleet_exit
4,5,14882,41789.03125,0.934921145439148,0.057855126999059266,fleet_exit
4,6,14880,47749.23828125,1.0682653188705444,0.0530241935483871,fleet_exit
4,7,14883,54566.41796875,1.2207820415496826,0.06235302022441712,fleet_exit
4,8,14882,63329.296875,1.4168286323547363,0.06551538771670475,fleet_exit
4,9,14881,76725.4765625,1.7165334224700928,0.07822054969424098,fleet_exit
4,10,14882,110586.875,2.4740943908691406,0.1077140169332079,fleet_exit
5,1,28606,18801.966796875,0.3355255722999573,0.04030622946235055,fleet_exit
5,2,28623,30551.787109375,0.5452039241790771,0.039758236383328094,fleet_exit
5,3,28614,38667.70703125,0.6900344491004944,0.039596001957083946,fleet_exit
5,4,28612,45735.140625,0.8161544799804688,0.041136586047812104,fleet_exit
5,5,28615,52519.33203125,0.9372199773788452,0.04431242355408003,fleet_exit
5,6,28611,59688.9609375,1.0651637315750122,0.048687567718709586,fleet_exit
5,7,28620,67758.2109375,1.209161400794983,0.05139762403913347,fleet_exit
5,8,28613,77990.421875,1.391757607460022,0.05689721455282564,fleet_exit
5,9,28615,93897.171875,1.6756173372268677,0.06349816529792067,fleet_exit
5,10,28615,134006.859375,2.3913843631744385,0.08831032675170365,fleet_exit
6,1,28208,24122.45703125,0.35254135727882385,0.03520277935337493,fleet_exit
6,2,28213,38255.71484375,0.5590940117835999,0.03711055187324992,fleet_exit
6,3,28209,48055.01171875,0.7023073434829712,0.03729306249778439,fleet_exit
6,4,28213,56439.6953125,0.8248465657234192,0.04274625172792684,fleet_exit
6,5,28212,64389.8515625,0.9410353302955627,0.04441372465617468,fleet_exit
6,6,28211,72671.5390625,1.062069296836853,0.04675481195278437,fleet_exit
6,7,28209,81876.984375,1.196603775024414,0.049345953419121555,fleet_exit
6,8,28214,93362.875,1.3644660711288452,0.05479549159991494,fleet_exit
6,9,28211,110560.3203125,1.6158007383346558,0.0609691255184148,fleet_exit
6,10,28212,152816.0625,2.233353853225708,0.08219906422798809,fleet_exit
7,1,27161,28512.748046875,0.35301268100738525,0.03379846102868083,fleet_exit
7,2,27161,45097.0390625,0.5583406686782837,0.034277088472442103,fleet_exit
7,3,27162,56607.87109375,0.7008547782897949,0.037662911420366686,fleet_exit
7,4,27160,66528.671875,0.823682963848114,0.0398379970544919,fleet_exit
7,5,27162,75986.7890625,0.9407826662063599,0.04428981665562182,fleet_exit
7,6,27163,85679.8671875,1.0607914924621582,0.04646025843978942,fleet_exit
7,7,27156,96476.953125,1.1944687366485596,0.04993371630578878,fleet_exit
7,8,27166,109762.0859375,1.3589502573013306,0.05495840388721196,fleet_exit
7,9,27162,129234.34375,1.6000337600708008,0.05993667623886312,fleet_exit
7,10,27162,174911.546875,2.165557384490967,0.08559752595537884,fleet_exit
8,1,25559,33694.8359375,0.3608832061290741,0.03302163621424938,fleet_exit
8,2,25558,52918.44921875,0.5667746663093567,0.033922842162923544,fleet_exit
8,3,25560,66038.625,0.7072962522506714,0.038928012519561815,fleet_exit
8,4,25555,77303.2265625,0.8279439806938171,0.04022696145568382,fleet_exit
8,5,25558,88006.9765625,0.9425848126411438,0.042765474606776745,fleet_exit
8,6,25561,98910.28125,1.0593628883361816,0.04995892179492195,fleet_exit
8,7,25557,111130.03125,1.1902406215667725,0.05399694799859139,fleet_exit
8,8,25561,126090.4921875,1.3504722118377686,0.056648800907632725,fleet_exit
8,9,25560,148047.5625,1.5856399536132812,0.06795774647887325,fleet_exit
8,10,25560,198124.734375,2.121983528137207,0.09139280125195619,fleet_exit
9,1,24151,38714.37890625,0.36843153834342957,0.036603039211626845,fleet_exit
9,2,24151,60146.01171875,0.5723890662193298,0.03788662995321105,fleet_exit
9,3,24149,74844.1484375,0.712266206741333,0.04058139053376952,fleet_exit
9,4,24150,87211.15625,0.8299587965011597,0.04625258799171843,fleet_exit
9,5,24152,99090.53125,0.9430107474327087,0.04562769128850613,fleet_exit
9,6,24153,111204.0625,1.0582910776138306,0.053699333416138785,fleet_exit
9,7,24151,124506.8984375,1.1848896741867065,0.06186079251376755,fleet_exit
9,8,24151,140769.3125,1.339653491973877,0.0659185955032918,fleet_exit
9,9,24150,164367.125,1.5642257928848267,0.07113871635610766,fleet_exit
9,10,24153,217135.90625,2.066408395767212,0.10085703639299466,fleet_exit
10,1,21653,43606.78515625,0.37445068359375,0.03833187087239644,fleet_exit
10,2,21655,66985.7265625,0.5752052068710327,0.03906719002539829,fleet_exit
10,3,21656,83172.5078125,0.7142007946968079,0.04142039157739195,fleet_exit
10,4,21653,96892.1640625,0.8320112824440002,0.04983143213411537,fleet_exit
10,5,21657,109971.3046875,0.9443216323852539,0.053793230826060856,fleet_exit
10,6,21656,123114.8125,1.0571846961975098,0.058782785371259694,fleet_exit
10,7,21655,137409.015625,1.1799287796020508,0.06506580466404988,fleet_exit
10,8,21652,154555.75,1.3271673917770386,0.07348050988361353,fleet_exit
10,9,21658,179330.8125,1.5399104356765747,0.0820482038969434,fleet_exit
10,10,21656,231554.84375,1.9883573055267334,0.1236147026228297,fleet_exit
11,1,18587,48819.44921875,0.38448864221572876,0.0394361650616022,fleet_exit
11,2,18589,74401.5859375,0.5859665274620056,0.04298240895153047,fleet_exit
11,3,18587,91595.8125,0.7213835716247559,0.04933555710980793,fleet_exit
11,4,18588,106256.1328125,0.836844265460968,0.05551969012265978,fleet_exit
11,5,18585,120055.453125,0.9455239176750183,0.06220069948883508,fleet_exit
11,6,18591,133956.96875,1.0550084114074707,0.06766715077187886,fleet_exit
11,7,18587,149116.984375,1.1744046211242676,0.07693549254855545,fleet_exit
11,8,18588,167151.296875,1.316437840461731,0.08317193888530235,fleet_exit
11,9,18588,192284.421875,1.5143795013427734,0.0955993113836884,fleet_exit
11,10,18588,243814.0,1.9202123880386353,0.15025823111684958,fleet_exit
12,1,15918,53313.54296875,0.38896194100379944,0.04177660510114336,fleet_exit
12,2,15919,80919.421875,0.5903673768043518,0.04749042025252843,fleet_exit
12,3,15920,99535.515625,0.7261856198310852,0.055402010050251256,fleet_exit
12,4,15918,115187.9921875,0.8403820395469666,0.06382711395904007,fleet_exit
12,5,15915,129680.9375,0.9461188912391663,0.06635249764373233,fleet_exit
12,6,15923,144583.46875,1.0548439025878906,0.07800037681341455,fleet_exit
12,7,15918,160767.03125,1.1729151010513306,0.08782510365623822,fleet_exit
12,8,15919,180006.734375,1.3132829666137695,0.10396381682266474,fleet_exit
12,9,15919,206171.453125,1.5041741132736206,0.11797223443683648,fleet_exit
12,10,15919,257907.03125,1.88162362575531,0.17695835165525473,fleet_exit
13,1,14426,58176.17578125,0.39315465092658997,0.04547345071398863,fleet_exit
13,2,14426,88246.765625,0.5963717103004456,0.05261333703036185,fleet_exit
13,3,14425,108083.546875,0.7304286956787109,0.06405545927209705,fleet_exit
13,4,14428,124744.2734375,0.8430219292640686,0.07228999168283892,fleet_exit
13,5,14423,140136.84375,0.9470449090003967,0.08424044928239617,fleet_exit
13,6,14430,155991.3125,1.0541894435882568,0.09618849618849619,fleet_exit
13,7,14426,172944.9375,1.1687620878219604,0.11326771107722168,fleet_exit
13,8,14426,192895.15625,1.3035856485366821,0.13025093581034244,fleet_exit
13,9,14426,220059.28125,1.4871608018875122,0.1564536253985859,fleet_exit
13,10,14427,272347.6875,1.8405259847640991,0.2048242877937201,fleet_exit
14,1,14025,57542.09375,0.3787364959716797,0.04841354723707665,fleet_exit
14,2,14026,89234.90625,0.5873355269432068,0.05753600456295451,fleet_exit
14,3,14026,110475.03125,0.727135956287384,0.07471838015114787,fleet_exit
14,4,14025,127690.1796875,0.8404444456100464,0.08584670231729055,fleet_exit
14,5,14025,143856.046875,0.946846604347229,0.111301247771836,fleet_exit
14,6,14027,160103.984375,1.0537890195846558,0.12383260854067156,fleet_exit
14,7,14025,177161.421875,1.1660593748092651,0.1386096256684492,fleet_exit
14,8,14025,197617.78125,1.3007011413574219,0.1653475935828877,fleet_exit
14,9,14026,225405.53125,1.4835973978042603,0.18929131612719236,fleet_exit
14,10,14026,277541.03125,1.826748251914978,0.2367032653643234,fleet_exit
15,1,11302,62576.12109375,0.39696577191352844,0.05468058750663599,fleet_exit
15,2,11302,94631.0390625,0.6003133654594421,0.07520792780038932,fleet_exit
15,3,11301,115735.9765625,0.7341973185539246,0.09185027873639501,fleet_exit
15,4,11303,133141.03125,0.8446102142333984,0.1164292665663983,fleet_exit
15,5,11302,149476.6875,0.9482391476631165,0.1375862679171828,fleet_exit
15,6,11302,165908.0625,1.0524753332138062,0.15430897186338702,fleet_exit
15,7,11302,183338.875,1.1630516052246094,0.17333215360113255,fleet_exit
15,8,11302,203676.96875,1.2920708656311035,0.19297469474429305,fleet_exit
15,9,11302,230555.4375,1.4625805616378784,0.2258007432312865,fleet_exit
15,10,11302,281074.34375,1.7830586433410645,0.27641125464519556,fleet_exit
16,1,10882,65605.7109375,0.3989616334438324,0.0693806285609263,fleet_exit
16,2,10882,98858.78125,0.6011803150177002,0.09189487226612755,fleet_exit
16,3,10881,120993.703125,0.7357872128486633,0.11800385993934381,fleet_exit
16,4,10882,139223.53125,0.8466464877128601,0.14160999816210257,fleet_exit
16,5,10883,156082.234375,0.9491677284240723,0.16236331893779288,fleet_exit
16,6,10882,173023.0,1.0521879196166992,0.18636280095570668,fleet_exit
16,7,10882,191589.1875,1.1650927066802979,0.2151258959750046,fleet_exit
16,8,10882,212513.875,1.2923399209976196,0.2314831832383753,fleet_exit
16,9,10882,240537.375,1.4627565145492554,0.2646572321264473,fleet_exit
16,10,10882,291638.875,1.7735151052474976,0.31042087851497885,fleet_exit
17,1,9839,67127.34375,0.3974292576313019,0.07541416810651488,fleet_exit
17,2,9839,101337.171875,0.5999695062637329,0.10610834434393739,fleet_exit
17,3,9837,124016.046875,0.7342404127120972,0.13988004472908408,fleet_exit
17,4,9840,142764.90625,0.845243513584137,0.16504065040650406,fleet_exit
17,5,9838,160105.59375,0.9479095339775085,0.20004065867046147,fleet_exit
17,6,9838,177743.1875,1.0523333549499512,0.219861760520431,fleet_exit
17,7,9840,196628.046875,1.1641417741775513,0.23892276422764228,fleet_exit
17,8,9838,218969.75,1.2964164018630981,0.2663142915226672,fleet_exit
17,9,9838,247594.359375,1.4658892154693604,0.2912177271803212,fleet_exit
17,10,9840,297847.75,1.7634156942367554,0.32754065040650404,fleet_exit
18,1,7538,66948.7109375,0.39626970887184143,0.0912708941363757,fleet_exit
18,2,7538,100773.1015625,0.5964764356613159,0.11939506500397984,fleet_exit
18,3,7538,123567.0390625,0.7313938736915588,0.15534624568851155,fleet_exit
18,4,7538,142594.3125,0.8440163731575012,0.18532767312284426,fleet_exit
18,5,7537,160218.234375,0.9483324289321899,0.213082128167706,fleet_exit
18,6,7538,177671.578125,1.0516388416290283,0.2369328734412311,fleet_exit
18,7,7537,196985.3125,1.165956974029541,0.264163460262704,fleet_exit
18,8,7539,219400.265625,1.298631191253662,0.2861122164743335,fleet_exit
18,9,7538,249116.0,1.4745187759399414,0.3189174847439639,fleet_exit
18,10,7538,300785.59375,1.7803512811660767,0.3409392411780313,fleet_exit
19,1,5722,65034.39453125,0.3871349096298218,0.09437259699405802,fleet_exit
19,2,5724,98335.75,0.5853703022003174,0.1334730957372467,fleet_exit
19,3,5723,121478.109375,0.7231314778327942,0.15848331294775467,fleet_exit
19,4,5723,141087.96875,0.8398644924163818,0.18451860912109033,fleet_exit
19,5,5723,159355.640625,0.9486077427864075,0.23344399790319761,fleet_exit
19,6,5723,177330.390625,1.0556073188781738,0.24619954569281846,fleet_exit
19,7,5723,197114.0625,1.1733750104904175,0.28201991962257555,fleet_exit
19,8,5723,219781.671875,1.3083101511001587,0.28499038965577494,fleet_exit
19,9,5723,250212.765625,1.48945951461792,0.3167918923641447,fleet_exit
19,10,5723,303420.875,1.8061952590942383,0.33985671850428095,fleet_exit
20,1,4377,65284.6484375,0.3927142024040222,0.10623714873200822,fleet_exit
20,2,4376,97027.3515625,0.5836597084999084,0.13893967093235832,fleet_exit
20,3,4376,119566.2109375,0.7192402482032776,0.17161791590493602,fleet_exit
20,4,4377,138617.625,0.833842396736145,0.20996116061229153,fleet_exit
20,5,4376,157030.125,0.9446012377738953,0.22623400365630714,fleet_exit
20,6,4376,175630.125,1.0564879179000854,0.23948811700182815,fleet_exit
20,7,4376,195370.34375,1.1752334833145142,0.2806215722120658,fleet_exit
20,8,4377,218352.578125,1.3134812116622925,0.30134795522047064,fleet_exit
20,9,4376,248354.78125,1.4939568042755127,0.338436928702011,fleet_exit
20,10,4377,303866.6875,1.8278839588165283,0.3363034041580992,fleet_exit
3,1,5203,10618.4521484375,0.3034958839416504,0.7915595381174787,to_market
3,2,6134,17940.966796875,0.5127875208854675,0.9331974258721151,to_market
3,3,6388,23201.912109375,0.6631554961204529,0.9718397711886324,to_market
3,4,6705,27904.416015625,0.7975621223449707,1.0200666352253882,to_market
3,5,6989,32560.248046875,0.9306348562240601,1.0632730370753525,to_market
3,6,7198,37550.82421875,1.073275089263916,1.0950692975916994,to_market
3,7,6875,43439.4140625,1.2415823936462402,1.0459296222482541,to_market
3,8,7435,51133.6875,1.4614996910095215,1.1311253442059301,to_market
3,9,7157,63631.8515625,1.8187212944030762,1.0888317536626553,to_market
3,10,5647,96167.9609375,2.748666286468506,0.8591075748124933,to_market
4,1,4394,15982.3955078125,0.3277125060558319,0.8367929918110836,to_market
4,2,5125,26074.591796875,0.5346488952636719,0.976004570557989,to_market
4,3,5348,33195.9375,0.6806691884994507,1.0184726718720243,to_market
4,4,5069,39482.03515625,0.8095630407333374,0.9653399352504285,to_market
4,5,5303,45600.76171875,0.9350250363349915,1.0099028756427346,to_market
4,6,5244,52099.29296875,1.068274736404419,0.9986669205865548,to_market
4,7,5364,59621.3671875,1.222511887550354,1.0215197105313274,to_market
4,8,5757,69264.5546875,1.4202414751052856,1.096362597600457,to_market
4,9,5709,84579.0703125,1.7342593669891357,1.087221481622548,to_market
4,10,5197,124188.25,2.546429395675659,0.9897162445248523,to_market
5,1,3463,21693.95703125,0.3421059250831604,0.8677023302430468,to_market
5,2,3683,34946.90625,0.5511001944541931,0.922826359308444,to_market
5,3,3821,44021.99609375,0.6942111253738403,0.9574041593585567,to_market
5,4,3982,51917.4375,0.8187193870544434,0.9977449260836883,to_market
5,5,3874,59532.8515625,0.9388117790222168,0.9706840390879479,to_market
5,6,4082,67476.578125,1.0640814304351807,1.0228013029315959,to_market
5,7,4266,76543.6171875,1.207065463066101,1.0689050363317465,to_market
5,8,4126,88135.7265625,1.3898688554763794,1.0338261087446754,to_market
5,9,4512,105936.6796875,1.6705834865570068,1.1305437233775995,to_market
5,10,4101,149844.40625,2.362992525100708,1.0275620145326985,to_market
6,1,2897,27212.3984375,0.3568805456161499,0.8111664893319146,to_market
6,2,3281,42868.09765625,0.5621992349624634,0.9186873494987959,to_market
6,3,3483,53661.96484375,0.7037568688392639,0.9752478019824158,to_market
6,4,3430,62869.0234375,0.824504017829895,0.9604076832614661,to_market
6,5,3723,71760.6484375,0.9411143660545349,1.0424483395867166,to_market
6,6,3725,80951.609375,1.0616503953933716,1.0430083440667526,to_market
6,7,3758,91454.1953125,1.199388027191162,1.0522484179873437,to_market
6,8,3801,104589.65625,1.371654748916626,1.0642885143081144,to_market
6,9,4112,124371.7109375,1.6310889720916748,1.1513692109536875,to_market
6,10,3504,171682.40625,2.251551389694214,0.9811278490227922,to_market
7,1,2385,32640.71484375,0.36556658148765564,0.7582983594048073,to_market
7,2,2781,50815.83984375,0.5691227316856384,0.8842045020984357,to_market
7,3,3064,63216.640625,0.7080081105232239,0.9741828818517104,to_market
7,4,3409,73852.796875,0.8271300196647644,1.0838738395014624,to_market
7,5,3301,84089.8359375,0.9417818784713745,1.0495358005850184,to_market
7,6,3236,94711.5,1.0607414245605469,1.0288693882741955,to_market
7,7,3382,106575.5859375,1.1936157941818237,1.0752893297723514,to_market
7,8,3577,121365.4609375,1.3592581748962402,1.13728856670482,to_market
7,9,3707,143334.609375,1.6053062677383423,1.1786213913264658,to_market
7,10,2610,193477.75,2.1668949127197266,0.8298359404807324,to_market
8,1,2010,37900.05078125,0.37176772952079773,0.7804309842748981,to_market
8,2,2319,58559.19921875,0.5744166970252991,0.9004076878276063,to_market
8,3,2614,72589.4609375,0.7120417952537537,1.0149485536788971,to_market
8,4,2719,84646.6640625,0.8303128480911255,1.0557173364395263,to_market
8,5,2661,96150.2578125,0.943153440952301,1.0331974373907977,to_market
8,6,2624,107945.140625,1.0588513612747192,1.0188312948941953,to_market
8,7,2755,121061.296875,1.1875098943710327,1.0696952048145991,to_market
8,8,2978,137072.65625,1.344567894935608,1.1562803339157446,to_market
8,9,3132,160194.109375,1.571370005607605,1.2160745486313336,to_market
8,10,1943,211351.125,2.0731773376464844,0.7544166181324015,to_market
9,1,1961,43498.95703125,0.38242989778518677,0.9048959438881454,to_market
9,2,2171,66401.53125,0.5837824940681458,1.0017996400719855,to_market
9,3,2152,81872.15625,0.7197956442832947,0.9930321627982095,to_market
9,4,2158,95028.546875,0.835462749004364,0.9958008398320336,to_market
9,5,2331,107531.5390625,0.9453853368759155,1.0756310276406256,to_market
9,6,2274,120246.96875,1.057175636291504,1.0493285958192977,to_market
9,7,2387,134269.171875,1.1804546117782593,1.1014720132896498,to_market
9,8,2539,151281.5625,1.3300225734710693,1.1716118314798578,to_market
9,9,2305,175532.765625,1.5432318449020386,1.0636334271607217,to_market
9,10,1393,227153.28125,1.9970641136169434,0.642794518019473,to_market
10,1,1492,48461.37109375,0.3860824406147003,0.8797169811320754,to_market
10,2,1747,73817.390625,0.5880889892578125,1.0300707547169812,to_market
10,3,1843,90792.75,0.7233284115791321,1.0866745283018868,to_market
10,4,1702,105159.3671875,0.837784469127655,1.0035377358490565,to_market
10,5,1873,118718.890625,0.9458105564117432,1.1043632075471699,to_market
10,6,1999,132463.5,1.0553112030029297,1.1786556603773584,to_market
10,7,2014,147661.34375,1.1763895750045776,1.1874999999999998,to_market
10,8,1971,165892.78125,1.3216358423233032,1.1621462264150944,to_market
10,9,1494,191614.9375,1.5265593528747559,0.8808962264150944,to_market
10,10,825,243327.984375,1.9385472536087036,0.486438679245283,to_market
11,1,1380,54435.2578125,0.39318928122520447,0.9569377990430622,to_market
11,2,1566,82560.953125,0.5963429808616638,1.085916371957562,to_market
11,3,1586,100989.5546875,0.7294539213180542,1.099785035711809,to_market
11,4,1620,116445.6953125,0.8410946130752563,1.1233617640940294,to_market
11,5,1774,130965.1953125,0.9459698796272278,1.2301504750017336,to_market
11,6,1695,145912.78125,1.0539371967315674,1.1753692531724569,to_market
11,7,1646,162083.46875,1.1707390546798706,1.1413910269745509,to_market
11,8,1463,181474.453125,1.310801386833191,1.0144927536231885,to_market
11,9,1112,208443.03125,1.5055971145629883,0.7710977047361486,to_market
11,10,579,261433.109375,1.888347864151001,0.4014978156854587,to_market
12,1,1286,57112.3984375,0.39275750517845154,1.0486830302536083,to_market
12,2,1322,86988.265625,0.5982115268707275,1.0780396314115632,to_market
12,3,1377,106384.078125,0.7315950393676758,1.1228899942917718,to_market
12,4,1412,122624.7734375,0.8432810306549072,1.1514311343064503,to_market
12,5,1466,137859.625,0.9480499029159546,1.1954660360433824,to_market
12,6,1614,153109.765625,1.0529239177703857,1.316154285248308,to_market
12,7,1336,169576.578125,1.1661648750305176,1.0894560874174346,to_market
12,8,1133,189208.96875,1.3011753559112549,0.9239174753323004,to_market
12,9,837,216126.859375,1.4862875938415527,0.6825409769224496,to_market
12,10,480,267553.4375,1.8399441242218018,0.39142134877273094,to_market
13,1,836,53564.6015625,0.3651869297027588,0.8636363636363636,to_market
13,2,987,84833.3515625,0.5783675909042358,1.0196280991735536,to_market
13,3,1108,105688.8359375,0.7205538749694824,1.1446280991735536,to_market
13,4,1181,122871.8046875,0.8377020359039307,1.2200413223140494,to_market
13,5,1159,138757.640625,0.9460067749023438,1.197314049586777,to_market
13,6,1275,154708.65625,1.0547558069229126,1.3171487603305783,to_market
13,7,1133,171763.671875,1.1710317134857178,1.1704545454545454,to_market
13,8,902,191878.859375,1.3081707954406738,0.9318181818181818,to_market
13,9,675,218428.21875,1.4891761541366577,0.6973140495867769,to_market
13,10,424,268776.53125,1.8324353694915771,0.4380165289256198,to_market
14,1,870,65698.25,0.4077264368534088,1.1253395421032208,to_market
14,2,1052,98450.8125,0.6109904050827026,1.3607554003363083,to_market
14,3,930,119566.2109375,0.7420335412025452,1.2029491656965463,to_market
14,4,1037,137038.859375,0.8504696488380432,1.341352994437977,to_market
14,5,1047,153178.96875,0.9506359100341797,1.354287931703531,to_market
14,6,819,169360.921875,1.0510618686676025,1.059371362048894,to_market
14,7,714,187042.78125,1.1607964038848877,0.9235545207605742,to_market
14,8,562,207819.421875,1.2897372245788574,0.7269434743241495,to_market
14,9,447,235434.15625,1.4611154794692993,0.5781916957702755,to_market
14,10,253,285975.59375,1.774778127670288,0.32725391281852284,to_market
15,1,750,67457.265625,0.40620216727256775,1.086326767091541,to_market
15,2,873,101383.84375,0.6104952096939087,1.2644843568945536,to_market
15,3,928,123287.015625,0.7423878312110901,1.3441483198146003,to_market
15,4,901,141281.09375,0.8507413864135742,1.3050405561993046,to_market
15,5,948,157802.609375,0.9502277374267578,1.373117033603708,to_market
15,6,707,174512.4375,1.0508480072021484,1.0240440324449593,to_market
15,7,682,192635.265625,1.159976840019226,0.9878331402085747,to_market
15,8,519,213902.734375,1.2880414724349976,0.7517381228273464,to_market
15,9,350,241718.640625,1.4555383920669556,0.5069524913093858,to_market
15,10,246,291984.09375,1.7582179307937622,0.3563151796060255,to_market
16,1,528,67518.421875,0.40222811698913574,1.0997708810664444,to_market
16,2,590,101610.7578125,0.6053267121315002,1.2289106436159132,to_market
16,3,603,123960.5234375,0.7384712100028992,1.2559883357633828,to_market
16,4,598,142307.0625,0.847767174243927,1.2455738387835866,to_market
16,5,574,159384.609375,0.9495034217834473,1.1955842532805665,to_market
16,6,550,176501.578125,1.0514744520187378,1.1455946677775464,to_market
16,7,461,195071.8125,1.1621031761169434,0.9602166215371797,to_market
16,8,389,216659.546875,1.2907079458236694,0.8102478650281192,to_market
16,9,310,245167.46875,1.4605385065078735,0.6456988127473442,to_market
16,10,198,295598.6875,1.7609728574752808,0.41241408039991667,to_market
17,1,385,67256.09375,0.3974606692790985,1.1684370257966614,to_market
17,2,427,100801.2578125,0.5957011580467224,1.2959028831562973,to_market
17,3,423,123943.625,0.7324646711349487,1.2837632776934749,to_market
17,4,383,142723.0625,0.8434447646141052,1.1623672230652504,to_market
17,5,376,160422.625,0.948043167591095,1.141122913505311,to_market
17,6,353,178159.203125,1.0528603792190552,1.0713201820940819,to_market
17,7,340,197250.859375,1.1656855344772339,1.031866464339909,to_market
17,8,241,219300.484375,1.29599130153656,0.7314112291350531,to_market
17,9,239,248477.890625,1.4684199094772339,0.7253414264036419,to_market
17,10,128,299682.375,1.7710210084915161,0.3884673748103186,to_market
18,1,265,65688.59375,0.3931175172328949,1.0936855138258357,to_market
18,2,298,98707.5078125,0.5907213091850281,1.229880313660751,to_market
18,3,329,121190.0390625,0.7252694368362427,1.3578208832026413,to_market
18,4,317,140354.109375,0.8399580121040344,1.3082955014444901,to_market
18,5,317,158215.40625,0.946850061416626,1.3082955014444901,to_market
18,6,281,176322.953125,1.055215835571289,1.159719356170037,to_market
18,7,221,195562.65625,1.1703569889068604,0.9120924473792819,to_market
18,8,177,217839.1875,1.3036723136901855,0.7304993809327279,to_market
18,9,129,247270.875,1.4798080921173096,0.5323978539001237,to_market
18,10,89,299981.71875,1.7952594757080078,0.3673132480396203,to_market
19,1,233,64235.35546875,0.3871086835861206,1.3344788087056128,to_market
19,2,207,96562.25,0.5819238424301147,1.1855670103092781,to_market
19,3,231,119340.90625,0.7191973924636841,1.3230240549828178,to_market
19,4,223,138688.4375,0.8357935547828674,1.277205040091638,to_market
19,5,236,156941.625,0.9457947611808777,1.3516609392898051,to_market
19,6,159,175010.53125,1.0546854734420776,0.9106529209621992,to_market
19,7,171,194788.5625,1.1738760471343994,0.979381443298969,to_market
19,8,133,217713.671875,1.3120321035385132,0.7617411225658649,to_market
19,9,94,248054.625,1.4948792457580566,0.5383734249713631,to_market
19,10,59,302839.9375,1.8250380754470825,0.3379152348224513,to_market
20,1,158,62321.84765625,0.37621009349823,1.3799126637554584,to_market
20,2,149,94914.28125,0.5729565620422363,1.301310043668122,to_market
20,3,159,117801.5703125,0.7111172080039978,1.388646288209607,to_market
20,4,114,137352.6875,0.8291388750076294,0.9956331877729258,to_market
20,5,152,156185.21875,0.9428227543830872,1.3275109170305677,to_market
20,6,109,175262.390625,1.0579833984375,0.9519650655021834,to_market
20,7,121,195400.109375,1.1795461177825928,1.0567685589519649,to_market
20,8,71,219133.109375,1.3228119611740112,0.6200873362445415,to_market
20,9,80,250013.203125,1.5092217922210693,0.6986899563318777,to_market
20,10,32,306264.59375,1.8487871885299683,0.2794759825327511,to_market
