age_years,reg_year,parc,movers,rate,parc_st,movers_st,rate_st,new_price_eur,age,retained,n_retained,ads,median_eur,group_ads,moving,moving_st,used_eur,value_eur,value_st_eur
1,2025,397744,71802,0.1805231505692103,40054,12471,0.3113546711938882,43418.0,1,0.8242203581970453,780,1649,74900.0,71,71801.99999999999,12470.999999999998,35785.99951219931,2569506336.9749346,446287199.91663754
2,2024,384712,54208,0.1409054045623739,36913,7431,0.2013111911792593,43640.0,2,0.6776993982959169,325,483,99950.0,62,54207.99999999999,7430.999999999998,29574.80174163381,1603190852.8104854,219770351.7420808
3,2023,366257,56595,0.1545226439358155,46841,7932,0.1693388270959202,42200.0,3,0.6001553890235232,238,647,51900.0,48,56594.99999999998,7931.999999999999,25326.55741679268,1433356517.003381,200890253.4299995
4,2022,304160,62462,0.205359021567596,49643,9806,0.1975303668190882,37601.0,4,0.5507130296264146,305,871,45950.0,5,62462.0,9805.999999999996,20707.360626982812,1293423159.4826005,203056378.3081934
5,2021,300112,83399,0.2778929199765421,46979,13597,0.2894271908725175,35349.0,5,0.47533768980167274,955,1801,32900.0,9,83399.0,13597.0,16802.71199679933,1401329377.8210673,228466475.0204805
6,2020,305234,80486,0.2636862210631843,54446,15024,0.2759431363185541,32853.0,6,0.450263153671606,580,1146,34947.0,8,80486.0,15023.999999999996,14792.495387573272,1190588783.7642224,222242450.70290077
7,2019,375015,61996,0.1653160540245057,71759,11560,0.1610947755682214,30899.0,7,0.39392005676328834,330,687,31845.0,29,61996.0,11560.0,12171.735833928846,754598934.7602527,140705266.24021745
8,2018,372869,58149,0.1559502130775151,81501,13212,0.1621084403872345,26155.0,8,0.3939005413461328,355,684,28950.0,39,58148.99999999998,13211.999999999998,10302.468658908103,599078250.0468471,136116215.92149383
9,2017,340434,51519,0.1513332980842101,80773,13026,0.1612667599321555,24779.0,9,0.3578268319725834,283,541,23450.0,29,51518.99999999998,13025.999999999996,8866.591069448645,456797905.3069245,115496215.27063802
10,2016,306233,46837,0.1529456329004385,75667,12426,0.1642195408830798,23090.0,10,0.2651468964606213,300,541,21500.0,18,46836.999999999985,12426.0,6122.241839275745,286747441.026158,76074977.0948404
11,2015,314340,48524,0.1543678819113062,70645,11788,0.1668624814211904,22791.0,11,0.3087475898306832,274,479,16500.0,18,48523.99999999999,11787.999999999996,7036.666319831101,341447196.5034843,82948222.57816899
12,2014,277454,43547,0.1569521434183684,69825,12394,0.17750089509488,20885.0,12,0.30980654908571753,219,359,13750.0,21,43546.99999999999,12393.999999999996,6470.30977765521,281762579.8875514,80193019.38425866
13,2013,287423,45911,0.1597332155046743,65468,11544,0.176330420969023,19935.0,13,0.27181206658566187,116,157,12300.0,7,45911.0,11543.999999999996,5418.573547385169,248772130.1340005,62552013.031014375
14,2012,326617,54061,0.1655180226381358,81201,14774,0.181943572123496,17676.0,14,0.21884035210125358,147,174,7950.0,24,54061.0,14773.999999999998,3868.222063741758,209119952.98794317,57149112.769720726
15,2011,357649,62227,0.1739890227569488,96782,18053,0.1865326197020107,17299.0,15,0.23537079953650059,97,208,7950.0,29,62226.999999999985,18053.0,4071.6794611819237,253368397.83096752,73506029.31271727
