frac,Class transformation,Two-model (T-learner),Response model (the usual way),Random
3.114973678472417e-05,1.0,0.0,0.0,0.0
0.006261097093729558,4.684210526315791,7.339285714285715,6.338461538461537,11.15625
0.012491044450674392,12.26086956521739,8.49107142857143,8.904411764705884,14.603305785123972
0.018720991807619224,32.849999999999994,24.799999999999997,15.696078431372555,23.22222222222222
0.02495093916456406,48.759336099585056,37.82071713147411,35.30798479087453,35.72653061224489
0.031180886521508893,55.8284789644013,58.53191489361703,55.30383480825958,43.869009584664525
0.037410833878453724,70.24473684210525,78.83500000000001,60.18886198547216,46.87564766839378
0.04364078123539856,85.39347826086956,92.51059322033899,74.0389344262295,49.53478260869565
0.04987072859234339,112.02745098039216,90.76066790352505,102.37076648841355,53.84291187739464
0.05610067594928823,114.35901926444834,102.33943427620633,108.53733766233768,68.59412780656305
0.06233062330623306,129.43601895734596,117.87444608567208,106.23959827833573,84.82581648522549
0.0685605706631779,141.7,127.04166666666669,118.16998671978752,98.85895627644572
0.07479051802012272,158.6145038167939,135.01939393939392,137.60454002389486,106.91786179921772
0.08102046537706756,161.95260115606936,145.776404494382,147.51591657519208,122.85714285714283
0.08725041273401239,162.73959445037354,148.09253417455312,160.8534836065574,127.64062499999997
0.09348036009095723,163.85329341317367,170.8707482993197,178.99232245681384,139.98252826310383
0.09971030744790206,171.39126394052045,187.89071038251365,185.85933273219115,148.8848715509039
0.1059402548048469,184.079086115993,190.47512864493996,198.4025641025641,160.9973166368515
0.11217020216179173,189.3561301084237,201.01537216828478,208.47801302931595,163.53116994022207
0.11840014951873656,203.9550827423168,213.33718244803697,217.20076923076925,181.46983105390183
0.1246300968756814,213.82068452380952,222.7361918604651,223.26999266324282,175.22971948445792
0.13086004423262623,211.46312056737588,228.4639389736477,218.8846694796062,180.83783783783787
0.13708999158957108,226.0,235.3937789543349,223.31480241125257,171.98547717842325
0.1433199389465159,226.45666235446316,245.9504761904762,246.99617102744094,171.37516512549536
0.14954988630346075,233.80569306930693,250.8582773365913,248.47804878048782,189.56395715185886
0.15577983366040557,247.16736152471708,255.7087719298246,261.5300993571011,198.40545454545457
0.1620097810173504,252.0,263.87633501967395,285.3418512208972,213.58357600465928
0.16823972837429524,244.42857142857144,277.51349892008636,297.27332601536773,223.76490438695168
0.17446967573124006,249.50475687103597,280.4818464730291,299.4505552617662,244.42105263157896
0.1806996230881849,246.351226993865,281.65599999999995,306.0010261672653,248.64374999999995
0.18692957044512973,260.4136229022705,291.1387675885492,314.0664682539683,264.7725213890287
0.19315951780207458,258.44827586206895,295.24084507042255,323.7270554493308,273.0450581395349
0.1993894651590194,270.4343387470998,306.36401098901104,332.34953703703707,286.2105263157895
0.20561941251596424,284.21169537624667,319.2751558325913,331.13127240143365,289.5725329695316
0.21184935987290907,298.090989010989,332.73901808785536,338.742819843342,301.71674768007074
0.2180793072298539,311.8099102947458,347.6935687263556,353.7534942820838,314.8339055793992
0.22430925458679873,320.5569358178053,354.046875,361.3160943318163,321.85226799833544
0.23053920194374358,331.5512665862485,362.1247508967716,369.0398390342052,327.8679321486269
0.2367691493006884,341.10359655981233,364.381917381138,386.6347281971059,341.3116883116883
0.24299909665763325,346.7938262195122,366.73482549317146,397.1219047619047,341.47255278310945
0.24922904401457807,355.979274611399,379.01036653091444,408.263353115727,347.57747005988017
0.2554589913715229,356.3932584269663,392.9354954954955,406.8762626262626,352.36742147552957
0.26168893872846777,372.70379479971893,394.35262972114367,414.79655051038367,354.12326327039546
0.2679188860854126,386.9394871794872,407.86602542081755,430.7020618556701,365.07804370447457
0.2741488334423574,395.8231748158071,396.67203759650886,431.0900840336135,377.27364864864865
0.28037878079930223,405.1660685154976,411.87208920957687,440.04256712508186,383.4662698412699
0.2866087281562471,410.66677285759795,431.2770465489567,455.66251198465966,393.44462382951235
0.2928386755131919,428.0724547158027,431.97202137692545,451.54366197183094,392.6349557522125
0.29906862287013675,433.6646229307173,448.4636027143738,462.4289215686275,396.59770471464014
0.30529857022708157,436.36216216216224,453.3820598006645,475.3663366336634,404.6803278688524
0.3115285175840264,448.3570170287727,477.7794902193243,476.3709155136885,409.8195600475624
0.31775846494097126,447.7750287686996,480.74479166666663,477.8982415681753,412.9941605839416
0.3239884122979161,461.2987012987013,491.8881634970196,479.1971671388103,422.3035408338093
0.3302183596548609,472.3551609322974,499.74156676888765,488.6639844617091,418.1691402968356
0.3364483070118057,474.3063112078346,518.7087193460491,515.369777536625,434.18679504814304
0.3426782543687506,489.50240770465484,516.1167512690355,517.8534574468085,433.72945945945946
0.3489082017256954,499.2658792650918,522.8922550052687,529.9703955986377,432.65825139516346
0.35513814908264024,503.02163833075736,521.9449754585378,536.8971649484536,436.43499869212656
0.36136809643958506,508.49316455696203,521.575363427697,544.9090448441855,436.21265106711246
0.36759804379652994,515.4268962075848,534.0065130260522,566.1512730903644,452.8938858009095
0.37382799115347476,531.9547689282202,542.7292954264524,580.9202845229336,459.24925595238096
0.3800579385104196,542.3247036051295,560.6081771720613,606.4570397111913,459.10769230769233
0.3862878858673644,551.4563662374821,579.3891413537431,614.8456994328924,474.4700936824405
0.3925178332243093,562.835288596903,585.9012025465693,621.2528521536669,485.21746332229066
0.3987477805812541,565.6684405367885,588.8300486900068,626.2451361867704,490.65836050302755
0.4049777279381989,566.9109136477558,600.9301848049281,630.3608037931813,492.7797891842346
0.41120767529514374,563.076404494382,603.7657232704403,640.6364849833149,496.1246317697711
0.4174376226520886,562.4140521431727,617.7617471872932,656.6992332968236,493.32050995303064
0.42366757000903343,560.9358778625954,625.2967798085292,662.6051437216338,505.76543209876536
0.42989751736597825,567.3188250428816,630.6713151684187,667.632117722329,522.1898349261512
0.4361274647229231,570.748624629708,630.898093220339,666.4201892744479,536.592513368984
0.44235741207986795,575.5237896494157,633.2804597701149,675.2191069574249,535.0563291139241
0.44858735943681277,585.5444284834805,644.4152034703575,683.3575373286972,548.4454375389732
0.4548173067937576,601.6484027496967,652.8307440719541,693.1494554255748,553.9683778234087
0.4610472541507024,613.1010564082121,662.5986284792255,699.2575757575758,565.7851206162579
0.46727720150764723,624.1552978179675,671.2854013144793,706.3240212472949,564.9873772791022
0.4735071488645921,642.5487189440994,681.994299194024,694.6910994764398,573.4754746835442
0.47973709622153693,658.6510915358101,689.3781316760535,704.1220774243004,571.816374269006
0.48596704357848175,673.1714555765595,689.9417959027378,711.1298185941043,571.8917307692307
0.49219699093542657,683.7768240343348,687.8657984144961,715.0001867762421,589.5450928381963
0.49842693829237145,696.2728445099485,698.8494122037694,721.8159837578442,604.6151832460732
0.5046568856493162,700.360858493998,711.2767955801105,741.2414860681113,604.4150350942002
0.5108868330062611,694.020269058296,717.6580480699199,750.4461206896551,615.0941883767534
0.517116780363206,692.1115629420085,724.4963175857733,752.222478693182,622.2113030957523
0.5233467277201508,694.3337406179089,725.4452321871677,767.8856439127376,624.2737608811512
0.5295766750770956,701.5598408855067,741.5191400104877,769.5120513265128,625.0377325377324
0.5358066224340404,698.2095726495727,745.6148928818245,778.7193072702332,633.0346380325598
0.5420365697909852,698.5779956058814,744.7714334412817,789.2027072758037,638.8913825595339
0.5482665171479301,710.6465863453816,760.7623862487362,785.8470942890638,661.8032454361055
0.5544964645048749,722.314621626097,771.460372960373,792.5429376657826,658.8668224299065
0.5607264118618198,741.4769230769232,768.7548503781652,799.8862667977712,667.3275548951626
0.5669563592187646,751.38199513382,777.3500488440247,808.6342292746115,676.3732854343566
0.5731863065757095,760.3184959022979,790.4053444945268,813.9504728321847,681.8509366925064
0.5794162539326543,770.6537972672386,800.7923566878981,824.3803710163311,684.2725239616614
0.5856462012895991,785.5008638291188,811.7600189334173,832.7659340659341,698.9702813784381
0.5918761486465439,788.2856033545581,800.4235092101155,843.082607342875,712.0167370561551
0.5981060960034887,805.9478862413528,806.1156756756757,855.9978444957658,726.4304738309074
0.6043360433604336,818.8934875228242,809.2789666768572,862.0639561443581,739.2288564850344
0.6105659907173785,832.7718505123569,831.2300576281468,872.2657311000453,754.9314693815529
0.6167959380743233,843.8899999999999,835.3011559825852,881.0609318996414,761.8411383827738
0.6230258854312681,853.9207994078461,848.005356345782,892.5468264536173,766.4967242406194
0.629255832788213,871.5661041819515,863.3949419203059,896.3437316930288,771.5560465458832
0.6354857801451578,879.5212781408859,857.5705333721946,898.3050601710888,767.9165452956597
0.6417157275021026,891.111734253667,873.8762440501948,904.0968992248063,775.3883999422883
0.6479456748590474,914.3793790942752,885.9374642243847,912.9140625,780.2339089481945
0.6541756222159922,922.9327885021842,883.7341933654664,935.9202479921094,791.9318824194459
0.6604055695729371,938.3939351593069,889.8007576820542,937.9946994001953,799.5708292546497
0.666635516929882,944.9923738214088,900.876285793717,940.2596525096524,794.1284111372768
0.6728654642868268,960.7026323005211,909.925599338661,951.9250102445021,801.2272353263852
0.6790954116437716,973.802765351769,918.5199781808265,958.1032144310323,806.384176182708
0.6853253590007164,985.3963734049698,936.0438537309406,961.637669485837,823.8558145802454
0.6915553063576613,995.4086794462194,936.8171122994652,969.3105879223197,843.4443257676903
0.6977852537146061,993.3030063291139,947.2243436754177,981.364271588662,859.6508398360004
0.7040152010715509,998.1474551877536,959.2959653042449,984.8816614420064,865.9997379454926
0.7102451484284957,998.9146815121699,970.0357142857142,985.3359243425314,887.0900818926298
0.7164750957854407,1022.4004617752694,973.8181818181818,1000.7899807321774,897.7105263157896
0.7227050431423855,1019.792541682576,964.2401227464518,1007.2954429735234,903.8819089048106
0.7289349904993303,1027.30381505811,969.2404918864097,1010.3590553169993,919.6127886323268
0.7351649378562751,1018.7887218045112,980.9230189627026,1019.9830975334919,926.3250188964475
0.74139488521322,1024.2644648621804,993.0453639082752,1031.251770846278,934.7597702584594
0.7476248325701648,1029.369768586903,1002.4990133201777,1037.8698385307532,946.0621517890306
0.7538547799271096,1036.4399170428205,1009.2199241218946,1047.489291396402,939.962681070464
0.7600847272840544,1043.6320880183775,1019.0766614020167,1041.9090577950462,948.468639629765
0.7663146746409993,1040.7584760991974,1030.037237888648,1040.546374367622,957.8904059932336
0.7725446219979442,1040.9884798099763,1041.7818442770003,1050.2033209891292,971.528390033541
0.778774569354889,1045.4243103041736,1051.7274128527388,1058.9678909952606,978.9409668606722
0.7850045167118338,1047.786081871345,1058.4292264284034,1068.7686154570051,987.0445282129815
0.7912344640687786,1052.4537552155773,1073.9496562172242,1082.5614711033274,990.0147333956968
0.7974644114257234,1053.4489537824786,1076.675260115607,1084.5421686746988,1007.1733426216185
0.8036943587826683,1053.760996229864,1094.7911116214973,1089.9773719274062,1011.5625287885769
0.8099243061396131,1066.8431439265055,1100.6760820045558,1095.478181611029,1019.0649217053376
0.8161542534965579,1080.231072555205,1106.8653541525232,1101.7028126058963,1030.84515178976
0.8223842008535028,1074.5664765738568,1112.1660856853705,1110.2539255271422,1040.8213081591368
0.8286141482104477,1082.8964943421345,1106.4874916238552,1114.2328018731187,1042.4559562353468
0.8348440955673925,1088.137650038542,1107.7725255215269,1120.4670579116378,1053.2815576944352
0.8410740429243373,1100.8145840166173,1117.8118877270224,1126.2034494122818,1060.516832986073
0.8473039902812821,1107.6609176700292,1123.6129243532366,1127.4844517184943,1059.0588171223178
0.8535339376382269,1110.8882669537138,1133.655504984829,1137.2857142857142,1074.9305390515285
0.8597638849951718,1127.3338323353294,1142.0674266050112,1141.7232305874772,1080.2280193236716
0.8659938323521166,1139.0076473712163,1137.6109746984093,1139.3198121263877,1092.955242966752
0.8722237797090615,1150.916341386222,1147.8099734748012,1150.1539440203564,1105.1224597798475
0.8784537270660063,1157.560083813515,1165.7011058451817,1157.350221192332,1120.1534419337888
0.8846836744229511,1168.6191070871057,1168.494822717289,1174.898221757322,1132.4216075156576
0.890913621779896,1177.532493026139,1162.7129062402657,1187.2445990859992,1147.6552688840534
0.8971435691368408,1186.2098778108634,1166.7864508146008,1194.5643962848299,1154.4875990532057
0.9033735164937856,1198.1043602573268,1181.177609341391,1201.5143530859132,1162.8290240163517
0.9096034638507304,1205.4338855574752,1193.6015466015465,1210.4543973941368,1171.0896068271868
0.9158334112076753,1211.4226960388037,1196.6198079838302,1215.0512483574244,1175.2611503531787
0.9220633585646202,1215.6889692585896,1204.491573033708,1226.3113141250878,1184.4887353559627
0.928293305921565,1227.8203234178477,1209.658633738299,1225.2827235569735,1193.1736753156379
0.9345232532785098,1236.188082490581,1219.8700464472772,1237.554080824089,1196.0068148148148
0.9407532006354546,1250.124126390393,1224.395915161037,1245.1042793900642,1204.327604831582
0.9469831479923995,1255.1464893408956,1239.204450082951,1251.6764705882351,1213.745901639344
0.9532130953493443,1259.405318839173,1244.0028119848735,1262.7034482758622,1224.435010177377
0.9594430427062891,1257.728901734104,1247.525727500482,1265.6037026323402,1233.535380764417
0.9656729900632339,1263.5805555555553,1256.7698716720934,1266.91807205826,1237.8133192995888
0.9719029374201787,1270.3092587306119,1271.0120802815559,1277.372824950081,1247.1928340619652
0.9781328847771237,1265.8789483639116,1268.8418565081765,1280.82958836858,1255.2625365945792
0.9843628321340685,1273.3263236950806,1278.1341406176662,1285.0332082551595,1268.8468755864142
0.9905927794910133,1280.6100587851079,1283.2997295532969,1289.3314680096996,1280.4984618253006
0.9968227268479581,1292.169571666976,1292.070276284072,1295.5785667933624,1291.3705282669139
